CivilitÈ;Prenom;Nom;Societe;Site;Departement;Service;fonction;Manager-Prenom;Manager-Nom;Nom de PC;Marque PC;Date de naissance;Telephone fixe;Telephone portable;
M.;Alban;Dumas;BillU;Paris;Communication et Relations publiques;Relation MÈdias;RÈdacteur;Aurelien;Brunet;PA78671;HP;02/12/1987;0197796902;0615034263;
M.;Aurelien;Brunet;BillU;Paris;Communication et Relations publiques;Relation MÈdias;Responsable relation mÈdia;NoÈmie;Leloir;PA68867;DELL;12/03/1985;0114409115;0778858220;
M.;Corentin;Arnaud;BillU;Paris;Communication et Relations publiques;Communication interne;Community manager;Gaelle;Colin;PA11094;DELL;01/01/1991;0148522008;0710630503;
M.;Damien;Calouhouet;I-magyne;Paris;Communication et Relations publiques;Relation MÈdias;Monteur;Aurelien;Brunet;-;-;-;-;0612558490;
M.;Diego;Aubert;BillU;Paris;Communication et Relations publiques;Communication interne;Community manager;Gaelle;Colin;PA19149;DELL;14/05/1989;0198004015;0736672209;
Mme;Elsa;Tashi;BillU;Paris;Communication et Relations publiques;Relation MÈdias;RÈdacteur;Aurelien;Brunet;PA10326;DELL;08/12/1996;0199523757;0759440381;
M.;Erwan;Faure;BillU;Paris;Communication et Relations publiques;Communication interne;ChargÈ de communication;Gaelle;Colin;PA10218;;17/06/1993;0127364911;0707561174;
Mme;Felianne;Fernandez;BillU;Paris;Communication et Relations publiques;Relation MÈdias;RÈdacteur;Aurelien;Brunet;PA92969;DELL;17/11/1992;0122223912;0655605121;
M.;Felix;Jean;Studio Dlight;Nantes;Communication et Relations publiques;Relation MÈdias;Monteur;Aurelien;Brunet;-;-;-;-;0684213048;
Mme;Gaelle;Colin;BillU;Paris;Communication et Relations publiques;Communication interne;Responsable communication;NoÈmie;Leloir;PA23669;DELL;23/06/1999;0146389837;0625101497;
M.;Gaetan;Roussel;BillU;Paris;Communication et Relations publiques;Gestion des marques;Webmaster;Gaelle;Colin;PA74884;DELL;27/10/1994;0181708327;0622836246;
Mme;Ines;Henry;BillU;Paris;Communication et Relations publiques;Gestion des marques;Webmaster;Gaelle;Colin;PA39469;DELL;05/01/2000;0138585445;0685150170;
Mme;Laurence;Guerin;BillU;Paris;Communication et Relations publiques;Gestion des marques;Designer graphique;Gaelle;Colin;PA63117;DELL;20/07/1990;0114806301;0642681764;
M.;Loic;Blanc;BillU;Paris;Communication et Relations publiques;Communication interne;ChargÈ en droit de la communication;Gaelle;Colin;PA88356;DELL;03/11/1982;0160352162;0747070420;
M.;Lukas;Rousseau;BillU;Paris;Communication et Relations publiques;Gestion des marques;photographe;Gaelle;Colin;PA74987;DELL;19/04/1993;0199526389;0742450021;
M.;Mathias;Muller;BillU;Paris;Communication et Relations publiques;Gestion des marques;Community manager;Gaelle;Colin;PA63498;DELL;08/12/2000;0112691924;0695993512;
Mme;NoÈmie;Leloir;BillU;Paris;Communication et Relations publiques;;Directrice Communication et Relations publiques;Camille;Martin;PA68385;DELL;14/11/1994;0165300831;0628752957;
M.;Ravi;Martin;BillU;Paris;Communication et Relations publiques;Relation MÈdias;RÈdacteur;Aurelien;Brunet;PA44820;DELL;27/04/2000;0158410241;0685102390;
Mme;RÈgina;IllaconnesÈ;BillU;Paris;Communication et Relations publiques;Relation MÈdias;ChargÈe relation presse;Aurelien;Brunet;PA99009;DELL;16/11/1994;0155106945;0643567057;
Mme;Salma;Singh;BillU;Paris;Communication et Relations publiques;Relation MÈdias;RÈdacteur;Aurelien;Brunet;PA58693;DELL;18/03/1995;0112550362;0763025412;
Mme;Sophia;KusmÈrowic;BillU;Paris;Communication et Relations publiques;Relation MÈdias;ChargÈe relation presse;Aurelien;Brunet;PA76764;DELL;10/08/1988;0134259365;0732836175;
Mme;Amina;Diallo;BillU;Paris;DÈpartement Juridique;Droit des sociÈtÈs;Juriste;Fauve;HÙlth;PA52039;;;;-;
M.;Diego;Fernandez;BillU;Paris;DÈpartement Juridique;Protection des donnÈes et conformitÈ;Juriste;Fauve;HÙlth;PA99523;DELL;19/03/1987;0132005698;-;
Mme;Fatou;Ba;BillU;Paris;DÈpartement Juridique;Protection des donnÈes et conformitÈ;Juriste;Fauve;HÙlth;PA46325;LENOVO;13/03/1984;0136923365;-;
Mme;Faustine;Denis;BillU;Paris;DÈpartement Juridique;PropriÈtÈ intellectuelle;Juriste;Fauve;HÙlth;PA51856;HP;15/03/1983;0102226399;-;
Mme;Fauve;HÙlth;BillU;Paris;DÈpartement Juridique;;Directeur juridique;Camille;Martin;PA87056;LENOVO;08/01/1988;0169521011;0757881221;
Mme;HÈlËne;Cault;BillU;Paris;DÈpartement Juridique;PropriÈtÈ intellectuelle;Juriste;Fauve;HÙlth;PA26363;LENOVO;30/06/1985;0155916179;-;
Mme;IrËne;Idr-Bongo;Livingston & AssociÈs;Paris;DÈpartement Juridique;Droit des sociÈtÈs;Avocat;Fauve;HÙlth;-;-;-;0142995102;-;
M.;JÈrÈmie;Allert;Livingston & AssociÈs;Paris;DÈpartement Juridique;Droit des sociÈtÈs;Juriste;Fauve;HÙlth;-;-;-;0123954236;-;
M.;Kenji;Tanaka;BillU;Paris;DÈpartement Juridique;PropriÈtÈ intellectuelle;Juriste;Fauve;HÙlth;PA05632;HP;17/10/2001;0187436250;-;
M.;Luca;Rossi;BillU;Paris;DÈpartement Juridique;Droit des sociÈtÈs;Juriste;Fauve;HÙlth;PA04236;;;;-;
Mme;Nadia;Culc˘u;Livingston & AssociÈs;Paris;DÈpartement Juridique;Droit des sociÈtÈs;Juriste;Fauve;HÙlth;-;-;-;0168235541;-;
M.;Remi;Advezekt;BillU;Paris;DÈpartement Juridique;Protection des donnÈes et conformitÈ;Juriste;Fauve;HÙlth;PA12540;LENOVO;28/05/1997;0488168544;-;
M.;Robin;Bourgeois;BillU;Paris;DÈpartement Juridique;Protection des donnÈes et conformitÈ;Juriste;Fauve;HÙlth;PA33490;HP;17/07/1997;0130797419;-;
M.;Serge;Kalfandier;Livingston & AssociÈs;Paris;DÈpartement Juridique;Droit des sociÈtÈs;Avocat;Fauve;HÙlth;-;-;-;0187569924;-;
M.;Yann;Boyer;BillU;Paris;DÈpartement Juridique;Protection des donnÈes et conformitÈ;Juriste;Fauve;HÙlth;PA48690;LENOVO;30/03/1992;0198705216;-;
Mme;Yara;Haddad;BillU;Paris;DÈpartement Juridique;PropriÈtÈ intellectuelle;Juriste;Fauve;HÙlth;PA74362;HP;04/06/1982;0122369523;-;
M.;Adam;Thomas;BillU;Paris;DÈveloppement logiciel;analyse et conception;DÈveloppeur;Wilfried;JosÈ;PA43813;TOSHIBA;03/03/1993;-;-;
Mme;Charlotte;Giroux;BillU;Paris;DÈveloppement logiciel;analyse et conception;DÈveloppeur;Wilfried;JosÈ;PA99876;LENOVO;14/12/1998;-;-;
M.;Felix;Hoffmann;BillU;Paris;DÈveloppement logiciel;analyse et conception;DÈveloppeur;Wilfried;JosÈ;PA41987;HP;26/08/1987;-;-;
M.;Florent;Houssay;BillU;Paris;DÈveloppement logiciel;analyse et conception;DÈveloppeur;Wilfried;JosÈ;PA90613;HP;12/10/1993;-;-;
M.;JÈremy;Martelant;BillU;Paris;DÈveloppement logiciel;analyse et conception;DÈveloppeur;Wilfried;JosÈ;PA23575;LENOVO;30/06/1989;-;-;
M.;Luca;Duval;BillU;Paris;DÈveloppement logiciel;analyse et conception;DÈveloppeur;Wilfried;JosÈ;PA18845;LENOVO;25/09/1987;-;-;
Mme;NadËge;Rouiller;BillU;Paris;DÈveloppement logiciel;analyse et conception;DÈveloppeur;Wilfried;JosÈ;PA36514;LENOVO;05/12/1983;-;-;
M.;Oscar;Gautier;BillU;Paris;DÈveloppement logiciel;analyse et conception;DÈveloppeur;Wilfried;JosÈ;PA72016;HP;15/06/1990;-;-;
M.;Sacha;Sacha-David;BillU;Paris;DÈveloppement logiciel;analyse et conception;DÈveloppeur;Wilfried;JosÈ;PA31686;HP;13/08/1991;-;-;
Mme;StÈphanie;Le Kerbriault;BillU;Paris;DÈveloppement logiciel;analyse et conception;DÈveloppeur;Wilfried;JosÈ;PA42543;TOSHIBA;17/03/1983;-;-;
M.;Wilfried;JosÈ;BillU;Paris;DÈveloppement logiciel;analyse et conception;Responsable analyse et conception;Sofia;Rossi;PA14433;LENOVO;29/06/1987;0188064257;0773629374;
M.;William;Lemaire;BillU;Paris;DÈveloppement logiciel;analyse et conception;DÈveloppeur;Wilfried;JosÈ;PA45623;LENOVO;10/08/1998;-;-;
M.;Aarav;Gupta;BillU;Paris;DÈveloppement logiciel;DÈveloppement;DÈveloppeur;Florian;Rellay;PA24630;HP;30/06/1994;-;-;
M.;Abdou;Selim;BillU;Paris;DÈveloppement logiciel;DÈveloppement;DÈveloppeur;Florian;Rellay;PA48935;HP;17/06/1995;-;-;
Mme;Amara;Papadopoulos;BillU;Paris;DÈveloppement logiciel;DÈveloppement;DÈveloppeur;Florian;Rellay;PA48934;LENOVO;03/03/1979;-;-;
Mme;AmÈlie;Blanchet;BillU;Paris;DÈveloppement logiciel;DÈveloppement;DÈveloppeur;Florian;Rellay;PA21577;TOSHIBA;08/08/2001;-;-;
Mme;AmÈlie;Fournier;BillU;Paris;DÈveloppement logiciel;DÈveloppement;DÈveloppeur;Florian;Rellay;PA60728;DELL;22/07/1987;-;-;
Mme;Amira;El-Mahdi;BillU;Paris;DÈveloppement logiciel;DÈveloppement;DÈveloppeur;Florian;Rellay;PA55201;TOSHIBA;29/07/1996;-;-;
Mme;Anya;Yamada;BillU;Paris;DÈveloppement logiciel;DÈveloppement;DÈveloppeur;Florian;Rellay;PA48940;HP;05/05/1993;-;-;
M.;Arjun;Patel;BillU;Paris;DÈveloppement logiciel;DÈveloppement;DÈveloppeur;Florian;Rellay;PA40065;DELL;03/06/2001;-;-;
Mme;AurÈlie;Yosef;BillU;Paris;DÈveloppement logiciel;DÈveloppement;DÈveloppeur;Florian;Rellay;PA23575;DELL;23/08/1990;-;-;
Mme;Aya;Benali;BillU;Paris;DÈveloppement logiciel;DÈveloppement;DÈveloppeur;Florian;Rellay;PA77535;DELL;29/10/1987;-;-;
M.;Benjamin;Schmitt;BillU;Paris;DÈveloppement logiciel;DÈveloppement;DÈveloppeur;Florian;Rellay;PA33002;DELL;10/01/1986;-;-;
Mme;Carla;Pelcaut;BillU;Paris;DÈveloppement logiciel;DÈveloppement;DÈveloppeur;Florian;Rellay;PA77321;DELL;07/12/1988;-;-;
Mme;ChloÈ;Recteur;BillU;Paris;DÈveloppement logiciel;DÈveloppement;DÈveloppeur;Florian;Rellay;PA69037;HP;01/06/1993;-;-;
Mme;Clara;Garcia;BillU;Paris;DÈveloppement logiciel;DÈveloppement;DÈveloppeur;Florian;Rellay;PA48530;LENOVO;25/12/1993;-;-;
M.;David;Vidal;BillU;Paris;DÈveloppement logiciel;DÈveloppement;DÈveloppeur;Florian;Rellay;PA59874;TOSHIBA;16/12/1985;-;-;
M.;Dmitri;Ivanov;BillU;Paris;DÈveloppement logiciel;DÈveloppement;DÈveloppeur;Florian;Rellay;PA75404;DELL;13/09/1996;-;-;
Mme;Elena;Romero;BillU;Paris;DÈveloppement logiciel;DÈveloppement;DÈveloppeur;Florian;Rellay;PA48936;HP;29/10/1988;-;-;
M.;Emilien;Gerot;BillU;Paris;DÈveloppement logiciel;DÈveloppement;DÈveloppeur;Florian;Rellay;PA51163;LENOVO;31/07/1999;-;-;
Mme;Emma;Leclerc;BillU;Paris;DÈveloppement logiciel;DÈveloppement;DÈveloppeur;Florian;Rellay;PA19161;LENOVO;06/09/1986;-;-;
Mme;Emmanuelle;Le Doux;BillU;Paris;DÈveloppement logiciel;DÈveloppement;DÈveloppeur;Florian;Rellay;PA95467;DELL;31/10/1982;-;-;
M.;Eshan;Khan;BillU;Paris;DÈveloppement logiciel;DÈveloppement;DÈveloppeur;Florian;Rellay;PA34827;TOSHIBA;30/01/1994;-;-;
M.;Etienne;Legrand;BillU;Paris;DÈveloppement logiciel;DÈveloppement;DÈveloppeur;Florian;Rellay;PA86254;HP;02/03/2000;-;-;
M.;Fabio;Romano;BillU;Paris;DÈveloppement logiciel;DÈveloppement;DÈveloppeur;Florian;Rellay;PA90927;HP;13/08/1995;-;-;
Mme;Fergie;Lork;BillU;Paris;DÈveloppement logiciel;DÈveloppement;DÈveloppeur;Florian;Rellay;PA79446;TOSHIBA;26/07/1996;-;-;
M.;Florian;Rellay;BillU;Paris;DÈveloppement logiciel;DÈveloppement;Responsable developpement;Sofia;Rossi;PA33002;TOSHIBA;17/05/1991;0126036632;0749534624;
M.;Giovanni;Moretti;BillU;Paris;DÈveloppement logiciel;DÈveloppement;DÈveloppeur;Florian;Rellay;PA45337;TOSHIBA;16/01/1995;-;-;
Mme;Giulia;Belhaj;BillU;Paris;DÈveloppement logiciel;DÈveloppement;DÈveloppeur;Florian;Rellay;PA48945;HP;19/05/1987;-;-;
M.;Guillaume;Pierre;BillU;Paris;DÈveloppement logiciel;DÈveloppement;DÈveloppeur;Florian;Rellay;PA74884;DELL;04/09/2001;-;-;
Mme;Hamza;Amari;BillU;Paris;DÈveloppement logiciel;DÈveloppement;DÈveloppeur;Florian;Rellay;PA10427;;28/10/1993;-;-;
M.;Hao;Wang;BillU;Paris;DÈveloppement logiciel;DÈveloppement;DÈveloppeur;Florian;Rellay;PA70346;DELL;19/07/1984;-;-;
M.;Henri;Lambert;BillU;Paris;DÈveloppement logiciel;DÈveloppement;DÈveloppeur;Florian;Rellay;PA85194;HP;06/08/1997;-;-;
M.;Hiroshi;Sow;BillU;Paris;DÈveloppement logiciel;DÈveloppement;DÈveloppeur;Florian;Rellay;PA48941;LENOVO;11/02/2001;-;-;
M.;Ibrahim;Mansouri;BillU;Paris;DÈveloppement logiciel;DÈveloppement;DÈveloppeur;Florian;Rellay;PA48948;HP;08/06/1996;-;-;
Mme;Ines;Dupont;BillU;Paris;DÈveloppement logiciel;DÈveloppement;DÈveloppeur;Florian;Rellay;PA62916;LENOVO;10/10/1997;-;-;
Mme;Jaxon;Dicker Brown;BillU;Paris;DÈveloppement logiciel;DÈveloppement;DÈveloppeur;Florian;Rellay;PA78780;DELL;04/02/1995;-;-;
M.;Jean;Rolland;BillU;Paris;DÈveloppement logiciel;DÈveloppement;DÈveloppeur;Florian;Rellay;PA43813;DELL;16/03/1997;-;-;
M.;Jin;Diop;BillU;Paris;DÈveloppement logiciel;DÈveloppement;DÈveloppeur;Florian;Rellay;PA48933;HP;25/11/1991;-;-;
Mme;Julia;Schneider;BillU;Paris;DÈveloppement logiciel;DÈveloppement;DÈveloppeur;Florian;Rellay;PA43252;DELL;02/09/1997;-;-;
M.;Kaito;Takahashi;BillU;Paris;DÈveloppement logiciel;DÈveloppement;DÈveloppeur;Florian;Rellay;PA92121;LENOVO;04/12/1996;-;-;
M.;Kevin;Dumont;BillU;Paris;DÈveloppement logiciel;DÈveloppement;DÈveloppeur;Florian;Rellay;PA32275;DELL;27/10/1986;-;-;
M.;Killian;Masson;BillU;Paris;DÈveloppement logiciel;DÈveloppement;DÈveloppeur;Florian;Rellay;PA34551;LENOVO;06/10/2000;-;-;
M.;Klaus;Becker;BillU;Paris;DÈveloppement logiciel;DÈveloppement;DÈveloppeur;Florian;Rellay;PA52587;LENOVO;18/07/2000;-;-;
Mme;Lina;M¸ller;BillU;Paris;DÈveloppement logiciel;DÈveloppement;DÈveloppeur;Florian;Rellay;PA25185;DELL;02/10/1992;-;-;
M.;Luc;Martin;BillU;Paris;DÈveloppement logiciel;DÈveloppement;DÈveloppeur;Florian;Rellay;PA94045;TOSHIBA;23/06/1995;-;-;
Mme;Lucia;Kimura;BillU;Paris;DÈveloppement logiciel;DÈveloppement;DÈveloppeur;Florian;Rellay;PA48938;LENOVO;14/04/1990;-;-;
M.;Malik;Belkacem;BillU;Paris;DÈveloppement logiciel;DÈveloppement;DÈveloppeur;Florian;Rellay;PA48942;HP;30/07/1980;-;-;
M.;Martin;Nguyen;BillU;Paris;DÈveloppement logiciel;DÈveloppement;DÈveloppeur;Florian;Rellay;PA57906;DELL;18/07/1998;-;-;
M.;Matteo;Ferrari;BillU;Paris;DÈveloppement logiciel;DÈveloppement;DÈveloppeur;Florian;Rellay;PA96975;DELL;23/04/1999;-;-;
Mme;Mia;Johnson;BillU;Paris;DÈveloppement logiciel;DÈveloppement;DÈveloppeur;Florian;Rellay;PA67552;DELL;07/02/1992;-;-;
M.;Miguel;Hernandez;BillU;Paris;DÈveloppement logiciel;DÈveloppement;DÈveloppeur;Florian;Rellay;PA52831;DELL;12/06/1982;-;-;
M.;Mohammed;Elbaz;BillU;Paris;DÈveloppement logiciel;DÈveloppement;DÈveloppeur;Florian;Rellay;PA48939;DELL;22/09/1985;-;-;
M.;Morgan;O'Flaherty;BillU;Paris;DÈveloppement logiciel;DÈveloppement;DÈveloppeur;Florian;Rellay;PA36514;DELL;22/10/1983;-;-;
Mme;Nora;O'Sullivan;BillU;Paris;DÈveloppement logiciel;DÈveloppement;DÈveloppeur;Florian;Rellay;PA12745;DELL;15/01/1988;-;-;
M.;Norman;Robin;BillU;Paris;DÈveloppement logiciel;DÈveloppement;DÈveloppeur;Florian;Rellay;PA57512;HP;23/09/1993;-;-;
Mme;Noura;Habib;BillU;Paris;DÈveloppement logiciel;DÈveloppement;DÈveloppeur;Florian;Rellay;PA48943;HP;09/12/1998;-;-;
Mme;Rafaella;Martinez;BillU;Paris;DÈveloppement logiciel;DÈveloppement;DÈveloppeur;Florian;Rellay;PA99298;DELL;30/04/1993;-;-;
M.;Raj;TraorÈ;BillU;Paris;DÈveloppement logiciel;DÈveloppement;DÈveloppeur;Florian;Rellay;PA48947;HP;16/10/1978;-;-;
M.;Sacha;Lopez;BillU;Paris;DÈveloppement logiciel;DÈveloppement;DÈveloppeur;Florian;Rellay;PA19651;LENOVO;10/10/1997;-;-;
M.;Samuel;Clement;BillU;Paris;DÈveloppement logiciel;DÈveloppement;DÈveloppeur;Florian;Rellay;PA45337;DELL;07/01/1992;-;-;
Mme;Sara;Besnheard;BillU;Paris;DÈveloppement logiciel;DÈveloppement;DÈveloppeur;Florian;Rellay;PA15299;HP;04/09/1988;-;-;
Mme;Sara;Nakamura;BillU;Paris;DÈveloppement logiciel;DÈveloppement;DÈveloppeur;Florian;Rellay;PA48949;LENOVO;04/04/1982;-;-;
M.;Seamus;O'Connor;BillU;Paris;DÈveloppement logiciel;DÈveloppement;DÈveloppeur;Florian;Rellay;PA48799;HP;24/07/1987;-;-;
M.;SÈbastien;Durand;BillU;Paris;DÈveloppement logiciel;DÈveloppement;DÈveloppeur;Florian;Rellay;PA27630;DELL;25/11/1993;-;-;
M.;Simon;Gauthier;BillU;Paris;DÈveloppement logiciel;DÈveloppement;DÈveloppeur;Florian;Rellay;PA28156;HP;01/11/1992;-;-;
M.;Tarek;Ibrahimovic;BillU;Paris;DÈveloppement logiciel;DÈveloppement;DÈveloppeur;Florian;Rellay;PA48937;LENOVO;07/01/1976;-;-;
M.;Tenzin;Li;BillU;Paris;DÈveloppement logiciel;DÈveloppement;DÈveloppeur;Florian;Rellay;PA48932;DELL;12/08/1983;-;-;
M.;ThÈo;Durand;BillU;Paris;DÈveloppement logiciel;DÈveloppement;DÈveloppeur;Florian;Rellay;PA48950;LENOVO;21/01/1992;-;-;
M.;Tristan;Fontaine;BillU;Paris;DÈveloppement logiciel;DÈveloppement;DÈveloppeur;Florian;Rellay;PA96447;DELL;25/02/1988;-;-;
M.;Tristan;Le Petit;BillU;Paris;DÈveloppement logiciel;DÈveloppement;DÈveloppeur;Florian;Rellay;PA74440;HP;14/10/1986;-;-;
M.;Victor;Chevalier;BillU;Paris;DÈveloppement logiciel;DÈveloppement;DÈveloppeur;Florian;Rellay;PA32765;DELL;20/06/1983;-;-;
M.;Vincent;Gerard;BillU;Paris;DÈveloppement logiciel;DÈveloppement;DÈveloppeur;Florian;Rellay;PA52948;LENOVO;18/09/1988;-;-;
Mme;Yara;Abadi;BillU;Paris;DÈveloppement logiciel;DÈveloppement;DÈveloppeur;Florian;Rellay;PA58412;LENOVO;11/08/1985;-;-;
M.;Yiannis;Papadopoulos;BillU;Paris;DÈveloppement logiciel;DÈveloppement;DÈveloppeur;Florian;Rellay;PA57679;TOSHIBA;27/04/1991;-;-;
M.;Yohan;Pillet;BillU;Paris;DÈveloppement logiciel;DÈveloppement;DÈveloppeur;Florian;Rellay;PA83956;DELL;26/12/1998;-;-;
M.;Youssef;Al-Masri;BillU;Paris;DÈveloppement logiciel;DÈveloppement;DÈveloppeur;Florian;Rellay;PA51530;HP;29/06/1983;-;-;
M.;Youssef;Ricci;BillU;Paris;DÈveloppement logiciel;DÈveloppement;DÈveloppeur;Florian;Rellay;PA48944;DELL;01/01/1975;-;-;
Mme;Zineb;Verma;BillU;Paris;DÈveloppement logiciel;DÈveloppement;DÈveloppeur;Florian;Rellay;PA48946;LENOVO;27/03/1994;-;-;
Mme;Zoe;Smith;BillU;Paris;DÈveloppement logiciel;DÈveloppement;DÈveloppeur;Florian;Rellay;PA53861;DELL;19/06/1998;-;-;
Mme;Isabel;Gomez;BillU;Paris;DÈveloppement logiciel;Recherche et Prototype;DÈveloppeur;Niko;Gruber;PA21386;HP;23/06/1984;0158890916;0601928581;
M.;Julien;Le Karadec-Hyacyne;BillU;Paris;DÈveloppement logiciel;Recherche et Prototype;DÈveloppeur;Niko;Gruber;PA67334;LENOVO;10/12/2001;0182968579;0714669952;
M.;Niko;Gruber;BillU;Paris;DÈveloppement logiciel;Recherche et Prototype;Responsable Recherche;Sofia;Rossi;PA82471;HP;17/11/1993;0148808015;0653178244;
Mme;Sophie;Mercier--Le-Coutourd;BillU;Paris;DÈveloppement logiciel;Recherche et Prototype;DÈveloppeur;Niko;Gruber;PA27339;HP;11/03/1992;0138775905;0704209714;
Mme;AngÈline;Lefaivre;BillU;Paris;DÈveloppement logiciel;Tests et qualitÈ;DÈveloppeur;Elena;S·nchez;PA21358;LENOVO;04/06/1999;-;-;
Mme;Camille;BÙrner;BillU;Paris;DÈveloppement logiciel;Tests et qualitÈ;DÈveloppeur;Elena;S·nchez;PA46875;LENOVO;07/06/2000;-;-;
Mme;Elena;S·nchez;BillU;Paris;DÈveloppement logiciel;Tests et qualitÈ;Responsable test et qualitÈ;Sofia;Rossi;PA83940;LENOVO;23/12/1986;0107161739;0628631838;
M.;Esteban;Gonz‡lez;2Face;Paris;DÈveloppement logiciel;Tests et qualitÈ;Testeur;Elena;S·nchez;-;-;-;-;-;
Mme;Eva;Simonet;BillU;Paris;DÈveloppement logiciel;Tests et qualitÈ;DÈveloppeur;Elena;S·nchez;PA81191;LENOVO;20/01/1994;-;-;
M.;Fabien;Hy-DíJykov;2Face;Paris;DÈveloppement logiciel;Tests et qualitÈ;Testeur;Elena;S·nchez;-;-;-;0177322131;0619087602;
M.;Fabien;Lecointre;2Face;Paris;DÈveloppement logiciel;Tests et qualitÈ;Testeur;Elena;S·nchez;-;-;-;-;-;
M.;Guido;Bianchi;BillU;Paris;DÈveloppement logiciel;Tests et qualitÈ;DÈveloppeur;Elena;S·nchez;PA27339;LENOVO;25/09/1983;-;-;
Mme;HÈlÈna;KusmÈrowa;2Face;Paris;DÈveloppement logiciel;Tests et qualitÈ;Testeur;Elena;S·nchez;-;-;-;-;-;
Mme;Laura;Lemeunier;BillU;Paris;DÈveloppement logiciel;Tests et qualitÈ;DÈveloppeur;Elena;S·nchez;PA46875;HP;30/04/2001;-;-;
M.;LÈo;Dubois;BillU;Paris;DÈveloppement logiciel;Tests et qualitÈ;DÈveloppeur;Elena;S·nchez;PA84928;LENOVO;07/12/1997;-;-;
Mme;Marie;Dufour;BillU;Paris;DÈveloppement logiciel;Tests et qualitÈ;DÈveloppeur;Elena;S·nchez;PA72687;LENOVO;22/05/2000;-;-;
M.;Maximilian;Wagner;BillU;Paris;DÈveloppement logiciel;Tests et qualitÈ;DÈveloppeur;Elena;S·nchez;PA53201;HP;29/11/1984;-;-;
M.;Niamh;Fitzpatrick;BillU;Paris;DÈveloppement logiciel;Tests et qualitÈ;DÈveloppeur;Elena;S·nchez;PA31784;TOSHIBA;11/04/1987;-;-;
Mme;Nina;Ledoux;BillU;Paris;DÈveloppement logiciel;Tests et qualitÈ;DÈveloppeur;Elena;S·nchez;PA31356;LENOVO;21/04/1998;-;-;
M.;Olivetti;Del Roy;BillU;Paris;DÈveloppement logiciel;Tests et qualitÈ;DÈveloppeur;Elena;S·nchez;PA78411;HP;20/03/1989;-;-;
M.;RÈmy;Leriche;2Face;Paris;DÈveloppement logiciel;Tests et qualitÈ;Testeur;Elena;S·nchez;-;-;-;-;-;
M.;Tariq;Aziz;BillU;Paris;DÈveloppement logiciel;Tests et qualitÈ;DÈveloppeur;Elena;S·nchez;PA31010;LENOVO;12/03/1989;-;-;
Mme;Sofia;Rossi;BillU;Paris;DÈveloppement logiciel;;Directeur DÈveloppement logiciel;Camille;Martin;PA93655;TOSHIBA;21/09/1998;0185544131;0730413931;
M.;Alexis;Bernard;BillU;Paris;Direction;;Directeur adjoint;Camille;Martin;PA89346;DELL;13/08/1997;0187246457;0738812832;
Mme;Camille;Martin;BillU;Paris;Direction;;CEO;-;;PA12959;TOSHIBA;09/05/1985;0160409379;0653791741;
M.;Ismail;Aloui;BillU;Paris;Direction;;Assistant de direction;Camille;Martin;PA44025;DELL;11/07/1994;0169526844;0799523610;
Mme;Kim;Park;BillU;Paris;Direction;;Assistant de direction;Camille;Martin;PA204692;DELL;29/08/1997;0169523302;0695330569;
M.;LÈonard;Dubois;BillU;Paris;Direction;;Assistant de direction;Camille;Martin;PA75792;TOSHIBA;12/12/1998;0112092812;0757172438;
Mme;Naomi;Yamamoto;BillU;Paris;Direction;;Assistant de direction;Camille;Martin;PA441236;DELL;02/01/2001;0187446290;0677452036;
M.;Alan;Meunier;BillU;Paris;DSI;Administration SystËmes et RÈseaux;Technicien rÈseaux;Anthony;Noel;PA21577;DELL;02/08/1995;0194124692;0687340310;
Mme;Marie;Meyer;BillU;Paris;DSI;Administration SystËmes et RÈseaux;Technicien SystËmes;Anthony;Noel;PA33490;DELL;27/12/1997;0134344137;0717065142;
M.;Mathis;Mercier;BillU;Paris;DSI;Administration SystËmes et RÈseaux;Technicien rÈseaux;Anthony;Noel;PA30819;DELL;21/08/1993;0466874640;0745093669;
Mme;Juliette;Roux;BillU;Paris;DSI;DÈveloppement et IntÈgration;DÈveloppeur;Anthony;Noel;PA73994;DELL;30/05/1985;0134118694;0665692415;
Mme;Juliette;Roy;BillU;Paris;DSI;DÈveloppement et IntÈgration;DÈveloppeur;Anthony;Noel;PA83956;DELL;12/11/1991;0104199164;0637045158;
M.;Romain;Vincent;BillU;Paris;DSI;DÈveloppement et IntÈgration;IntÈgrateur;Anthony;Noel;PA52103;DELL;30/08/1987;0192883550;0770092044;
M.;Aaron;Roche;BillU;Paris;DSI;Exploitation;Technicien d'exploitation;Anthony;Noel;PA76820;DELL;20/10/2001;0400609816;0673124437;
M.;Bryan;Perez;BillU;Paris;DSI;Exploitation;Technicien d'exploitation;Anthony;Noel;PA78323;DELL;22/05/1993;0131204687;0664331983;
Mme;Ines;Roger;BillU;Paris;DSI;Exploitation;Technicien de maintenance;Anthony;Noel;PA69442;DELL;13/12/1997;0490987479;0617155871;
M.;Julien;Duran;BillU;Paris;DSI;Exploitation;Technicien de maintenance;Anthony;Noel;PA84572;DELL;01/05/1989;0137916836;0704153936;
M.;Tom;Morel;BillU;Paris;DSI;Support;Hotliner;Anthony;Noel;PA32765;DELL;31/03/2001;0181640031;0666489658;
M.;Anthony;Noel;BillU;Paris;DSI;;Directeur des systËmes d'information;Camille;Martin;PA85785;DELL;31/10/1990;0174752256;0663073894;
M.;Alex;Barbier;BillU;Paris;Finance et ComptabilitÈ;Finance;Analyste financier;Yacine;Hamad;PA34551;TOSHIBA;21/10/1992;0153906457;-;
M.;Ali;Khan;BillU;Paris;Finance et ComptabilitÈ;Finance;Controleur de gestion;Yacine;Hamad;PA68870;HP;08/10/2000;0196036547;-;
M.;Matteo;Simon;BillU;Paris;Finance et ComptabilitÈ;Finance;Controleur de gestion;Yacine;Hamad;PA57512;HP;28/11/1986;0175097244;-;
M.;Mikhail;Petrov;BillU;Paris;Finance et ComptabilitÈ;Finance;Controleur de gestion;Yacine;Hamad;PA68868;TOSHIBA;24/09/1981;0112369506;-;
Mme;NoÈmie;Andre;BillU;Paris;Finance et ComptabilitÈ;Finance;Controleur de gestion;Yacine;Hamad;PA12959;TOSHIBA;05/05/1995;0109401276;-;
Mme;Sofia;Moreau;BillU;Paris;Finance et ComptabilitÈ;Finance;Controleur de gestion;Yacine;Hamad;PA68869;HP;01/10/1985;0166520394;-;
M.;Yacine;Hamad;BillU;Paris;Finance et ComptabilitÈ;Finance;Directeur financier;Camille;Martin;PA68867;HP;18/10/1992;0154314543;0648462640;
M.;Quentin;Bertrand;BillU;Paris;Finance et ComptabilitÈ;FiscalitÈ;Conseiller en fiscalitÈ;Yacine;Hamad;PA31320;LENOVO;22/08/1982;0483436266;-;
M.;MaÎl;Laurent;BillU;Paris;Finance et ComptabilitÈ;Service ComptabilitÈ;Comptable;Yacine;Hamad;PA30790;HP;14/08/1987;0157784039;-;
Mme;Manon;Brun;BillU;Paris;Finance et ComptabilitÈ;Service ComptabilitÈ;Comptable;Yacine;Hamad;PA68447;LENOVO;11/06/1998;0460954183;-;
M.;Maxime;Lefebvre;BillU;Paris;Finance et ComptabilitÈ;Service ComptabilitÈ;Comptable;Yacine;Hamad;PA56314;DELL;26/05/2000;0107939301;-;
Mme;Louise;Richard;BillU;Paris;QHSE;Certification;Auditeur;Arielle;Leroy;PA81191;LENOVO;29/05/1990;0159009944;0762598012;
Mme;Arielle;Leroy;BillU;Paris;QHSE;ContrÙle QualitÈ;Responsable QHSE;Camille;Martin;PA53466;TOSHIBA;14/08/1993;0187941494;0718694265;
M.;Lucas;Moraud;BillU;Paris;QHSE;ContrÙle QualitÈ;Animateur sÈcuritÈ;Arielle;Leroy;PA26363;LENOVO;28/08/1998;0108552477;0765920369;
Mme;Anjali;Kapoor;BillU;Paris;QHSE;Gestion environnementale;Technicien HSE;Arielle;Leroy;PA26364;LENOVO;15/05/1989;0155239480;-;
M.;David;Cohen;BillU;Paris;QHSE;Gestion environnementale;Technicien HSE;Arielle;Leroy;PA26365;LENOVO;28/09/2001;0132663940;-;
M.;Enzo;Petit;BillU;Paris;QHSE;Gestion environnementale;Technicien HSE;Arielle;Leroy;PA74987;LENOVO;24/10/1998;0171818675;-;
M.;Arnoovik;Jlecht;BillU;Paris;Service Commercial;ADV;Gestionnaire ADV;Bastien;Lucas;PA16353;DELL;19/11/2001;0124045383;0763236659;
M.;Bastien;Lucas;BillU;Paris;Service Commercial;ADV;Responsable ADV;Pierre;David;PA16564;DELL;16/07/1988;0154658546;0697336293;
Mme;Jade;LefËvre;BillU;Paris;Service Commercial;ADV;Gestionnaire ADV;Bastien;Lucas;PA64810;DELL;16/11/1984;0180183734;0621673896;
Mme;Latifa;Jean-Robert De Boisselier;BillU;Paris;Service Commercial;ADV;Gestionnaire ADV;Bastien;Lucas;PA46917;DELL;02/09/1990;0114930105;0739063477;
Mme;Pauline;Lambert-Ilo;BillU;Paris;Service Commercial;ADV;Gestionnaire ADV;Bastien;Lucas;PA37602;DELL;10/11/1987;0158406170;0606722898;
M.;Dorian;Blanchard;BillU;Paris;Service Commercial;B2B;Commercial;Pierre;David;PA82880;DELL;18/08/1991;0451967464;0655939808;
M.;Nathan;Dupont;BillU;Paris;Service Commercial;B2B;Commercial;Pierre;David;PA12427;DELL;01/02/1992;0109336075;0662152312;
M.;Theo;Fournier-Laval;BillU;Paris;Service Commercial;B2B;Commercial;Pierre;David;PA44614;DELL;16/12/1982;0181612961;0703432899;
M.;Valentin;Bonnet;BillU;Paris;Service Commercial;B2B;Commercial;Pierre;David;PA90176;DELL;23/02/1987;0439648412;0799413599;
Mme;Alice;Benali;BillU;Paris;Service Commercial;Service achat;Acheteur;Kylian;Martinez;PA19150;DELL;06/06/2000;0136235036;0612345678;
M.;Charles;Marchand;BillU;Paris;Service Commercial;Service achat;Acheteur;Kylian;Martinez;PA16013;DELL;29/04/1999;0167218515;0654606027;
Mme;Chloe;Dubois;BillU;Paris;Service Commercial;Service achat;Acheteur;Kylian;Martinez;PA19154;DELL;20/03/1989;0199503648;0611223344;
M.;Dylan;Marie;BillU;Paris;Service Commercial;Service achat;Acheteur;Kylian;Martinez;PA59874;DELL;30/03/1991;0113588016;0690730213;
M.;Hassan;Rahman;BillU;Paris;Service Commercial;Service achat;Acheteur;Kylian;Martinez;PA19155;DELL;28/11/1990;0165849321;0766778899;
M.;Joaquin;Morales;BillU;Paris;Service Commercial;Service achat;Acheteur;Kylian;Martinez;PA19157;DELL;19/06/1994;0109806372;0755667788;
M.;Kylian;Martinez;BillU;Paris;Service Commercial;Service achat;Responsable achat client;Pierre;David;PA19149;DELL;26/08/1988;0151530426;0696228844;
M.;Mehdi;Benkacem;BillU;Paris;Service Commercial;Service achat;Acheteur;Kylian;Martinez;PA19151;DELL;10/10/1984;0122536980;0789452310;
Mme;Mina;Nguyen;BillU;Paris;Service Commercial;Service achat;Acheteur;Kylian;Martinez;PA19156;DELL;03/01/1981;0133205490;0600112233;
M.;Nikolai;Ivanov;BillU;Paris;Service Commercial;Service achat;Acheteur;Kylian;Martinez;PA19153;DELL;26/05/1977;0135114568;0722334455;
Mme;Tara;Murphy;BillU;Paris;Service Commercial;Service achat;Acheteur;Kylian;Martinez;PA19152;DELL;15/12/1996;0169452736;0698765432;
M.;Arjun;Patel;BillU;Paris;Service Commercial;Service Client;Agent;Kylian;Martinez;PA79821;DELL;21/04/1996;0142387006;0712345678;
Mme;Aya;Kobayashi;BillU;Paris;Service Commercial;Service Client;Agent;Kylian;Martinez;PA79818;DELL;23/03/1991;0123906243;0677889900;
M.;Jules;Girard;BillU;Paris;Service Commercial;Service Client;Agent;Kylian;Martinez;PA39395;DELL;25/01/1985;0163132039;0644556677;
Mme;Julie;Francois D'Assise;BillU;Paris;Service Commercial;Service Client;Agent;Kylian;Martinez;PA79817;DELL;23/09/1994;0136982369;0710203040;
Mme;Leila;Amrani;BillU;Paris;Service Commercial;Service Client;Agent;Kylian;Martinez;PA79820;DELL;17/12/1999;0139856399;0699887766;
M.;Omar;El-Masri;BillU;Paris;Service Commercial;Service Client;Agent;Kylian;Martinez;PA79823;DELL;14/09/1996;0156245626;0709876543;
M.;Sven;Andersson;BillU;Paris;Service Commercial;Service Client;Agent;Kylian;Martinez;PA79819;DELL;12/07/2003;0125743260;0733221100;
Mme;Zara;Nasri;BillU;Paris;Service Commercial;Service Client;Agent;Kylian;Martinez;PA79822;DELL;17/07/2001;0168513999;0623456789;
M.;Pierre;David;BillU;Paris;Service Commercial;;Directeur commercial;Camille;Martin;PA90233;DELL;12/05/1997;0106664984;0765432109;
Mme;CÈlia;Da Silva;BillU;Paris;Service recrutement;;Agent RH;Christophe;Leroux;PA66766;HP;31/07/1986;0498537902;0634567890;
M.;Christophe;Leroux;BillU;Paris;Service recrutement;;Responsable recrutement;Camille;Martin;PA20618;HP;10/05/1992;0163902409;0718273645;
Mme;MÈlanie;Carpentier;BillU;Paris;Service recrutement;;Agent RH;Christophe;Leroux;PA31784;HP;09/08/1983;0183765728;0601234567;
;;;;;;;;;;;;;;;
;;;;;;;;;;;;;;;
;;;;;;;;;;;;;;;
;;;;;;;;;;;;;;;
;;;;;;;;;;;;;;;


